Symbol,Name
"AAPL","Apple Inc."
"ABBV","AbbVie Inc."
"ABNB","Airbnb"
"ABT","Abbott Laboratories"
"ABT","Abbott Laboratories"
"ACAD","ACADIA Pharmaceuticals Inc."
"ADBE","Adobe Inc."
"ADBE","Adobe Inc."
"ADDYY","adidas AG"
"ADI","Analog Devices"
"ADSK","Autodesk"
"AEP","American Electric Power Company"
"AES","The AES Corporation"
"ALNY","Alnylam Pharmaceuticals"
"AMAT","Applied Materials"
"AMD","Advanced Micro Devices"
"AMD","Advanced Micro Devices"
"AMGN","Amgen Inc."
"AMT","American Tower Corporation"
"AMT","American Tower Corporation"
"AMZN","Amazon.com"
"ANSS","ANSYS"
"APPS","Digital Turbine"
"ATO","Atmos Energy Corporation"
"AVGO","Broadcom Inc."
"AXP","American Express Company"
"BA","The Boeing Company"
"BA","The Boeing Company"
"BA","The Boeing Company"
"BABA","Alibaba Group Holding Limited"
"BABA","Alibaba Group Holding Limited"
"BABA","Alibaba Group Holding Limited"
"BAC","Bank of America Corporation"
"BE","Bloom Energy Corporation"
"BEAM","Beam Therapeutics Inc."
"BIDU","Baidu"
"BIIB","Biogen Inc."
"BLDP","Ballard Power Systems Inc."
"BMY","Bristol-Myers Squibb Company"
"BNTX","BioNTech SE"
"BP","BP p.l.c."
"C","Citigroup Inc."
"CAT","Caterpillar Inc."
"CAT","Caterpillar Inc."
"CAT","Caterpillar Inc."
"CDNS","Cadence Design Systems"
"CHTR","Charter Communications"
"CMCSA","Comcast Corporation"
"CMG","Chipotle Mexican Grill"
"CMS","CMS Energy Corporation"
"CNP","CenterPoint Energy"
"COF","Capital One Financial Corporation"
"COP","ConocoPhillips"
"COST","Costco Wholesale Corporation"
"CRM","Salesforce"
"CRSP","CRISPR Therapeutics AG"
"CRWD","CrowdStrike Holdings"
"CRWD","CrowdStrike Holdings"
"CSCO","Cisco Systems"
"CSCO","Cisco Systems"
"CSIQ","Canadian Solar Inc."
"CSX","CSX Corporation"
"CSX","CSX Corporation"
"CVS","CVS Health Corporation"
"CVS","CVS Health Corporation"
"CVX","Chevron Corporation"
"CVX","Chevron Corporation"
"CVX","Chevron Corporation"
"CVX","Chevron Corporation"
"D","Dominion Energy"
"DDOG","Datadog"
"DDOG","Datadog"
"DIA","SPDR Dow Jones Industrial Average ETF Trust"
"DIA","SPDR Dow Jones Industrial Average ETF Trust"
"DIA","SPDR Dow Jones Industrial Average ETF Trust"
"DIS","The Walt Disney Company"
"DIS","The Walt Disney Company"
"DOCU","DocuSign"
"DOCU","DocuSign"
"DPZ","Domino's Pizza"
"DUK","Duke Energy Corporation"
"EA","Electronic Arts Inc."
"ED","Consolidated Edison"
"EDIT","Editas Medicine"
"EIX","Edison International"
"ENPH","Enphase Energy"
"EQT","EQT Corporation"
"ES","Eversource Energy"
"ET","Energy Transfer LP"
"ETR","Entergy Corporation"
"ETSY","Etsy"
"EXC","Exelon Corporation"
"F","Ford Motor Company"
"FCEL","FuelCell Energy"
"FE","FirstEnergy Corp."
"FIVN","Five9"
"FOX","Fox Corporation"
"FOXA","Fox Corporation"
"FSLR","First Solar"
"FSLY","Fastly"
"FTNT","Fortinet"
"GILD","Gilead Sciences"
"GM","General Motors Company"
"GOOGL","Alphabet Inc."
"GS","The Goldman Sachs Group"
"GS","The Goldman Sachs Group"
"GS","The Goldman Sachs Group"
"GS","The Goldman Sachs Group"
"GXP","GXP"
"HD","The Home Depot"
"HD","The Home Depot"
"HMC","Honda Motor Co."
"HON","Honeywell International Inc."
"HON","Honeywell International Inc."
"HUBS","HubSpot"
"IBM","International Business Machines Corporation"
"IBM","International Business Machines Corporation"
"IDR","Idaho Strategic Resources"
"INTC","Intel Corporation"
"INTC","Intel Corporation"
"IONS","Ionis Pharmaceuticals"
"IWM","iShares Russell 2000 ETF"
"IWM","iShares Russell 2000 ETF"
"IWM","iShares Russell 2000 ETF"
"JD","JD.com"
"JNJ","Johnson & Johnson"
"JPM","JPMorgan Chase & Co."
"JPM","JPMorgan Chase & Co."
"KLAC","KLA Corporation"
"KMI","Kinder Morgan"
"KO","The Coca-Cola Company"
"KO","The Coca-Cola Company"
"KO","The Coca-Cola Company"
"LCID","Lucid Group"
"LI","Li Auto Inc."
"LLY","Eli Lilly and Company"
"LMT","Lockheed Martin Corporation"
"LMT","Lockheed Martin Corporation"
"LMT","Lockheed Martin Corporation"
"LOW","Lowe's Companies"
"LOW","Lowe's Companies"
"LOW","Lowe's Companies"
"LOW","Lowe's Companies"
"LRCX","Lam Research Corporation"
"LULU","lululemon athletica inc."
"LYFT","Lyft"
"MA","Mastercard Incorporated"
"MA","Mastercard Incorporated"
"MCD","McDonald's Corporation"
"MCHP","Microchip Technology Incorporated"
"MDB","MongoDB"
"MDLZ","Mondelez International"
"META","Meta Platforms"
"MGNI","Magnite"
"MPWR","Monolithic Power Systems"
"MRK","Merck & Co."
"MRK","Merck & Co."
"MRK","Merck & Co."
"MRNA","Moderna"
"MS","Morgan Stanley"
"MSFT","Microsoft Corporation"
"MU","Micron Technology"
"NEE","NextEra Energy"
"NEE","NextEra Energy"
"NEE","NextEra Energy"
"NET","Cloudflare"
"NET","Cloudflare"
"NFLX","Netflix"
"NFLX","Netflix"
"NFLX","Netflix"
"NI","NiSource Inc."
"NIO","NIO Inc."
"NKE","NIKE"
"NKE","NIKE"
"NKE","NIKE"
"NOW","ServiceNow"
"NRG","NRG Energy"
"NVCR","NovoCure Limited"
"NVDA","NVIDIA Corporation"
"NXPI","NXP Semiconductors N.V."
"OKE","ONEOK"
"OKTA","Okta"
"OKTA","Okta"
"ON","ON Semiconductor Corporation"
"OXY","Occidental Petroleum Corporation"
"PANW","Palo Alto Networks"
"PCG","PG&E Corporation"
"PDD","PDD Holdings Inc."
"PEG","Public Service Enterprise Group Incorporated"
"PEP","PepsiCo"
"PEP","PepsiCo"
"PEP","PepsiCo"
"PFE","Pfizer Inc."
"PFE","Pfizer Inc."
"PFE","Pfizer Inc."
"PG","The Procter & Gamble Company"
"PLTR","Palantir Technologies Inc."
"PLUG","Plug Power Inc."
"PPL","PPL Corporation"
"PUBM","PubMatic"
"PUMA","PUMA"
"PYPL","PayPal Holdings"
"PYPL","PayPal Holdings"
"PYPL","PayPal Holdings"
"PYPL","PayPal Holdings"
"QCOM","QUALCOMM Incorporated"
"QQQ","Invesco QQQ Trust"
"QQQ","Invesco QQQ Trust"
"QQQ","Invesco QQQ Trust"
"RDS.A","RDS.A"
"REGN","Regeneron Pharmaceuticals"
"RIVN","Rivian Automotive"
"ROKU","Roku"
"ROST","Ross Stores"
"RTX","RTX Corporation"
"RTX","RTX Corporation"
"RTX","RTX Corporation"
"RUN","Sunrun Inc."
"SBUX","Starbucks Corporation"
"SBUX","Starbucks Corporation"
"SCHW","The Charles Schwab Corporation"
"SEDG","SolarEdge Technologies"
"SIRI","Sirius XM Holdings Inc."
"SNOW","Snowflake Inc."
"SNPS","Synopsys"
"SO","The Southern Company"
"SPY","SPDR S&P 500 ETF"
"SPY","SPDR S&P 500 ETF"
"SPY","SPDR S&P 500 ETF"
"SRE","Sempra"
"SWKS","Skyworks Solutions"
"T","AT&T Inc."
"T","AT&T Inc."
"T","AT&T Inc."
"TCEHY","Tencent Holdings Limited"
"TEAM","Atlassian Corporation"
"TEAM","Atlassian Corporation"
"TGT","Target Corporation"
"TM","Toyota Motor Corporation"
"TMO","Thermo Fisher Scientific Inc."
"TMO","Thermo Fisher Scientific Inc."
"TMO","Thermo Fisher Scientific Inc."
"TMUS","T-Mobile US"
"TSLA","Tesla"
"TSLA","Tesla"
"TTWO","Take-Two Interactive Software"
"TWLO","Twilio Inc."
"TWLO","Twilio Inc."
"TXN","Texas Instruments Incorporated"
"UA","Under Armour"
"UAA","Under Armour"
"UBER","Uber Technologies"
"UNH","UnitedHealth Group Incorporated"
"UNP","Union Pacific Corporation"
"UNP","Union Pacific Corporation"
"UNP","Union Pacific Corporation"
"UPS","United Parcel Service"
"UPS","United Parcel Service"
"UPS","United Parcel Service"
"V","Visa Inc."
"V","Visa Inc."
"VFC","V.F. Corporation"
"VLKAF","Volkswagen AG"
"VRTX","Vertex Pharmaceuticals Incorporated"
"VZ","Verizon Communications Inc."
"WDAY","Workday"
"WEC","WEC Energy Group"
"WEN","The Wendy's Company"
"WFC","Wells Fargo & Company"
"WMB","The Williams Companies"
"WMT","Walmart Inc."
"WMT","Walmart Inc."
"WMT","Walmart Inc."
"XEL","Xcel Energy Inc."
"XOM","Exxon Mobil Corporation"
"XOM","Exxon Mobil Corporation"
"XOM","Exxon Mobil Corporation"
"XOM","Exxon Mobil Corporation"
"XPEV","XPeng Inc."
"YUM","Yum! Brands"
"ZM","Zoom Communications Inc."
"ZS","Zscaler"